input,output
"I was promised a promotional interest rate when I opened my savings account, but after the first month, the rate dropped significantly without any notification. I feel deceived because this was a major factor in my decision to open the account. When I contacted customer service, they said the promotional period was only 30 days, but that was never clearly stated during account opening. I have reviewed all the paperwork and there is no mention of this limitation. I would like the promotional rate reinstated or at least a clear explanation. This kind of practice feels dishonest and damages customer trust. Please review how promotional offers are communicated to new customers.",Complaint about Misleading Promotional Interest Rate
"I tried to use my debit card at multiple locations yesterday and it was declined every time, even though I have sufficient funds. I checked my account balance online and everything looks normal. I called customer support and was told there was a 'security hold' on my card, but no one contacted me about it. This is extremely inconvenient and embarrassing, especially when trying to pay for groceries. I should have been notified before my card was blocked. I would like the hold removed immediately and an explanation of why this happened. Please also improve your communication process for security holds. Customers should not be left stranded without warning.",Complaint about Unexpected Card Security Hold
"I enrolled in paperless statements to help the environment and was told I would receive email notifications when new statements were available. However, I have not received a single notification in three months. I only discovered this when I needed a statement for a loan application and realized I had missed several months. I contacted support and was told the email notifications were 'not working properly.' That is unacceptable. I relied on those notifications to stay informed about my account. I would like all missed statements sent to me immediately and confirmation that the notification system is fixed. Please do not offer services you cannot deliver.",Complaint about Failed Paperless Statement Notifications
I applied for a personal loan online and was told the decision would take 24-48 hours. It has now been over two weeks and I have heard nothing. I have called three times and each time I am told my application is 'still under review.' This delay has caused me to miss an important financial opportunity. I provided all required documentation upfront and my credit score is excellent. I do not understand why this is taking so long. I would like an immediate decision or at least a clear explanation of the delay. Please also improve your loan processing timeline. The lack of communication is extremely frustrating.,Complaint about Delayed Loan Application Decision
"I received a notification that my account was overdrawn, but when I checked my transaction history, there were no transactions that would cause an overdraft. I immediately contacted customer service and was told there was a 'pending transaction' that had not yet posted. However, no one could tell me what the transaction was or when it would post. I am now being charged overdraft fees for something I cannot even identify. This is completely unfair. I would like the fees waived and a detailed explanation of what caused the overdraft. Please also improve your transaction visibility so customers can see pending transactions.",Complaint about Unexplained Overdraft Fees
"I tried to set up automatic bill payments through your online banking system, but the feature keeps giving me error messages. I have followed all the instructions and even watched the tutorial video. I contacted support and was told to 'clear my browser cache,' which I did, but the problem persists. I am now at risk of missing important bill payments. This is a basic banking feature that should work reliably. I would like technical support to help me set this up properly. Please also test your online banking features more thoroughly before releasing them. This has been a frustrating waste of time.",Complaint about Broken Bill Payment Setup
I was charged a foreign transaction fee on a purchase I made domestically. The merchant is based in my country and I paid in local currency. I contacted customer service and was told the merchant 'processes payments through a foreign bank.' That was never disclosed at the time of purchase. I feel like this is a hidden fee that should have been clearly communicated. I would like the fee refunded and better transparency about when foreign transaction fees apply. Please also update your fee disclosure policies. Customers should not be surprised by unexpected charges.,Complaint about Incorrect Foreign Transaction Fee
I requested a credit limit increase through your mobile app and was told it would be processed within 5 business days. It has now been three weeks and I have received no response. I have excellent payment history and my credit score has improved significantly. I do not understand why this is taking so long. I contacted support and was told my request was 'lost in the system.' That is completely unacceptable. I would like my request processed immediately and an apology for the delay. Please also review your credit limit increase procedures. This should be a straightforward process.,Complaint about Lost Credit Limit Increase Request
"I tried to dispute a fraudulent charge on my credit card, but your online dispute form keeps crashing. I have tried multiple times over the past week with no success. I called customer service and was told to 'try again later,' but that is not helpful when I am dealing with fraud. I am now worried that the dispute window will close before I can submit my claim. I would like to file the dispute over the phone or through email. Please also fix your online dispute system. Fraud victims should not face additional obstacles when trying to protect their accounts.",Complaint about Broken Fraud Dispute System
"I received a letter stating that my account was being closed due to 'suspicious activity,' but I have not engaged in any unusual transactions. I immediately contacted customer service and was told I would receive a call back within 24 hours. That was five days ago and I have heard nothing. Meanwhile, I cannot access my funds and my direct deposit has been rejected. This is causing serious financial hardship. I would like my account reinstated immediately and a clear explanation of what triggered this action. Please also improve your account review process. Customers should not be left without access to their money.",Complaint about Wrongful Account Closure
"I signed up for travel insurance through your bank's insurance program, but when I tried to file a claim, I was told my policy was never activated. I have proof of payment and confirmation emails. I contacted the insurance department and was told there was a 'system error' during enrollment. This is unacceptable because I relied on this coverage during my trip. I would like my claim processed immediately and compensation for the stress this has caused. Please also review your insurance enrollment system. Customers should be able to trust that their coverage is active.",Complaint about Inactive Travel Insurance Policy
"I tried to transfer money to a family member using your peer-to-peer payment feature, but the transfer failed without explanation. I have sufficient funds and have used this feature successfully before. I contacted support and was told there was a 'temporary system issue,' but it has been three days and the problem persists. My family member needed this money urgently and I had to use a different service. I would like to know when this feature will be working again. Please also provide better status updates when systems are down. Customers need reliable payment options.",Complaint about Failed Peer-to-Peer Transfer
"I received a promotional offer for a new credit card with no annual fee for the first year. I applied and was approved, but when I received the card, I was immediately charged an annual fee. I contacted customer service and was told the promotion 'did not apply to my application.' That makes no sense because I applied directly through the promotional link. I feel misled and frustrated. I would like the annual fee refunded or the card canceled without penalty. Please also ensure your promotional offers are honored. This kind of bait-and-switch is unethical.",Complaint about Dishonored Credit Card Promotion
"I tried to update my phone number in your online banking system, but the change never saved. I have tried multiple times and even received confirmation messages, but my old number is still showing. This is a security concern because I need to receive verification codes for transactions. I contacted support and was told there is a 'known bug' with the profile update system. That is unacceptable. I would like my phone number updated manually and confirmation that it has been changed. Please also fix this bug immediately. Basic profile updates should work reliably.",Complaint about Failed Phone Number Update
"I was told by a bank representative that I qualified for a business loan with specific terms and interest rates. I prepared all my documentation and scheduled a meeting to finalize the loan. When I arrived, I was told the terms had changed and the interest rate was significantly higher. No one contacted me about this change beforehand. I feel like I wasted my time and was given false information. I would like the original terms honored or at least an explanation of why they changed. Please also train your staff to provide accurate information. This experience has damaged my trust in your bank.",Complaint about Changed Loan Terms Without Notice
"I enrolled in your identity theft protection service and was told it included credit monitoring. However, when I tried to access my credit report through the service, I was told I needed to pay an additional fee. That was never mentioned during enrollment. I feel deceived because credit monitoring was a key reason I signed up. I would like access to credit monitoring without additional charges or a refund of my enrollment fee. Please also clarify what is included in your identity theft protection service. Customers should know exactly what they are paying for.",Complaint about Misleading Identity Theft Protection Service
"I tried to close my credit card account online, but the system requires me to call customer service. When I called, I was on hold for over an hour and then the call was disconnected. I tried again the next day and was told I need to visit a branch in person. This is incredibly inconvenient and feels like you are making it deliberately difficult to close accounts. I would like my account closed immediately without having to jump through hoops. Please also simplify your account closure process. Customers should be able to close accounts easily through multiple channels.",Complaint about Difficult Account Closure Process
"I received a text message claiming to be from your bank asking me to verify my account information. I was suspicious and called your fraud department to confirm. They told me it was a scam, but I am concerned because the message looked very legitimate. I would like to know how scammers are able to impersonate your bank so convincingly. Please also send out warnings to all customers about this scam. I am worried that other customers might fall victim. Better security education and communication would help protect your customers from fraud.",Complaint about Convincing Bank Impersonation Scam
"I tried to redeem my credit card rewards points for a gift card, but the redemption system kept giving me error messages. I have over 50,000 points accumulated and was looking forward to using them. I contacted customer service and was told the rewards system is 'undergoing maintenance,' but there was no notification about this. I have been trying for over a week with no success. I would like to redeem my points through an alternative method or receive a timeline for when the system will be fixed. Please also notify customers when rewards systems are down. This has been very frustrating.",Complaint about Broken Rewards Redemption System
"I applied for a mortgage refinance and was told the process would take 30 days. It has now been 90 days and I am still waiting for approval. I have provided every document requested, some multiple times. Each time I call for an update, I am told something different. This delay is costing me money because interest rates have changed. I would like my application expedited immediately and compensation for the extended timeline. Please also improve your mortgage processing efficiency. This has been an incredibly stressful experience and I am considering switching to a different lender.",Complaint about Extremely Delayed Mortgage Refinance
"I attempted to wire $15,000 to a verified vendor for my small business and the transfer was rejected without explanation. I have made similar transfers before with no issues. When I called customer service, I was told the wire was flagged for 'manual review' but no one could tell me when it would be processed. My vendor is now threatening to cancel our contract due to the delay. I provided all required documentation including the vendor's banking details and business invoice. I need this wire processed immediately. Please also review your wire transfer screening process to prevent unnecessary delays for legitimate business transactions.",Complaint about Rejected Business Wire Transfer
"I visited an ATM to withdraw cash and the machine dispensed $200 less than requested, but my account was debited the full amount. I reported this immediately to the bank branch nearby and was told to call customer service. Customer service said I need to submit a written dispute and wait up to 10 business days. I cannot afford to wait that long for money that is rightfully mine. I have witnesses who were present when this happened. I would like the missing funds returned to my account within 24 hours. Please also service your ATMs more frequently to prevent these malfunctions.",Complaint about ATM Cash Dispensing Error
"Your mobile banking app logged me out mid-transfer and when I logged back in, I could not tell if the transfer had gone through. I ended up sending the payment twice, resulting in a duplicate transaction. I contacted support and was told the refund would take 5-7 business days. That is unacceptable when the error was caused by your app. I rely on mobile banking for daily transactions and this kind of instability is unacceptable. Please refund the duplicate payment immediately and fix the app stability issues. This has caused serious cash flow problems for me this week.",Complaint about Mobile App Causing Duplicate Transfer
"I noticed my credit report shows a late payment from your bank for a month when I had set up automatic payments. I have never missed a payment in my life. When I contacted your team, I was told the autopay 'failed due to a system error' but I was never notified. This late mark has dropped my credit score by 40 points and is affecting my ability to get a mortgage. I would like the late payment removed from my credit report immediately and confirmation sent to all three bureaus. This error has caused significant financial harm and I expect it to be resolved urgently.",Complaint about Erroneous Late Payment Credit Reporting
"I filed a travel insurance claim for a cancelled flight three months ago and have still not received any resolution. I submitted all required documentation including the airline's cancellation notice and receipts for alternative arrangements. Every time I call, I am given a different case number and told to wait. The claim is for $1,800 which is a significant amount. I have been patient but this timeline is completely unreasonable. I would like a final decision on my claim within one week and if approved, immediate payment. Please also overhaul your claims processing system.",Complaint about Unresolved Travel Insurance Claim
I tried to access my safe deposit box at your branch and was told the branch no longer has a record of my box. I have been renting this box for over 10 years and the contents include irreplaceable documents and jewelry. I was given no prior notice that there would be any issue. The branch manager was unhelpful and told me to 'come back tomorrow.' I am extremely distressed and demand immediate access to my box. Please escalate this to your senior management right away. The loss of these items would be devastating and I expect your full cooperation in resolving this.,Complaint about Missing Safe Deposit Box Record
"I applied for a student loan refinance through your bank and was initially quoted a rate of 4.2%. After submitting all paperwork, I was informed the rate had changed to 6.8% due to 'market conditions.' This bait-and-switch is completely unacceptable. The rate was locked in during my application and I relied on it for my financial planning. I have excellent credit and my financial situation has not changed. I would like the originally quoted rate honored or a clear written explanation of why it cannot be. Please also train your loan officers to provide accurate rate quotes.",Complaint about Student Loan Refinance Rate Bait-and-Switch
"I have been making extra principal payments on my auto loan to pay it off early, but these payments are being applied as future monthly payments instead of principal reduction. I have called three times and each time I am told it will be corrected, but nothing changes. As a result, I am paying significantly more interest than I should. I would like all overpayments retroactively applied to principal and my amortization schedule recalculated. Please also update your payment processing system to correctly handle extra principal payments as legally required.",Complaint about Auto Loan Extra Principal Payment Misapplication
I transferred my IRA from another institution to your bank two months ago and the funds have not been properly credited to my investment account. The transfer confirmation shows the money left my old institution but your bank shows no record of receipt. I have been going back and forth between both banks with no resolution. This is my retirement savings and the delay is causing me to miss market opportunities. I need this resolved immediately with a clear accounting of where the funds are. Please assign a dedicated representative to manage this transfer issue.,Complaint about IRA Transfer Funds Disappearance
"I exchanged $2,000 USD to euros at your branch before an international trip and was given a rate significantly worse than the published exchange rate on your website. When I questioned the teller, I was told there is a 'branch service fee' that was not disclosed before the transaction. I would not have agreed to the exchange had I known about this fee. I returned the euros immediately and demand a full refund. Please also ensure that all fees are clearly disclosed before currency exchange transactions are completed. Hidden fees are deceptive and potentially illegal.",Complaint about Undisclosed Currency Exchange Fee
"I deposited a check for $8,500 and was told it would be available within two business days. It has now been seven business days and the funds are still on hold. I have asked multiple times for an explanation and am told only that 'additional verification is required.' This deposit is needed to cover payroll for my small business and the delay is causing serious financial distress. I have been a customer for 12 years with no history of returned checks. I need these funds released immediately. Please also review your check hold policies for long-standing customers.",Complaint about Extended Check Hold for Established Customer
"My direct deposit has been failing for the past three pay periods. My employer confirmed the payment details are correct and the transfers are being sent. However, the funds are not appearing in my account. I have been forced to borrow money to cover basic expenses. Your customer service team cannot explain where the money is going. I need you to locate my missing direct deposits immediately and credit them to my account. Please also investigate why your system is rejecting properly formatted ACH transactions and prevent this from happening to other customers.",Complaint about Recurring Direct Deposit Failures
"My joint account co-holder passed away and I have been trying to remove them from the account for six weeks. I have submitted the death certificate three times and am repeatedly told the paperwork is 'under review.' In the meantime, I cannot make changes to the account and am having difficulty accessing certain features. This process is causing additional grief during an already difficult time. I need this resolved with compassion and urgency. Please assign a dedicated bereavement specialist to handle this case and streamline your deceased co-holder removal process.",Complaint about Difficult Deceased Co-Holder Account Update
"I submitted a request to change the beneficiary on my savings account two months ago and have received no confirmation. When I call, I am told the form was received but cannot confirm if it was processed. This is a critical estate planning matter and I need certainty that my wishes are documented correctly. If I were to pass away before this is resolved, the wrong person could receive my savings. I need written confirmation that my beneficiary change has been processed. Please also improve your beneficiary update system to provide immediate confirmation.",Complaint about Unconfirmed Beneficiary Change
"I noticed my savings account has been calculating interest incorrectly for the past six months. The interest credited is consistently lower than what I calculate based on the stated annual percentage yield. The discrepancy is small each month but adds up to over $120 in lost interest. I contacted customer service and was told the calculation is correct, but no one could explain the methodology. I would like a detailed interest calculation breakdown and if there is an error, a retroactive correction. Please also audit your interest calculation systems to ensure all customers are receiving the correct amount.",Complaint about Savings Account Interest Calculation Error
"I applied for a mortgage pre-approval and was told the process would take 3-5 business days. It has been six weeks and I have heard nothing despite multiple follow-up calls. Meanwhile, I have lost out on two properties I wanted to make offers on because I could not provide a pre-approval letter. My financial situation is strong and I provided all documentation upfront. I need a pre-approval decision by end of business tomorrow or I will be taking my business elsewhere. Please also review your mortgage pre-approval timeline commitments.",Complaint about Extremely Delayed Mortgage Pre-Approval
"I attempted to redeem my savings bonds at your branch and was told you no longer cash paper savings bonds. Your website and signage at the branch still advertise this service. I drove 45 minutes specifically for this purpose. When I asked why the service was discontinued, the teller was unable to provide any explanation. I am an elderly customer and was counting on this service. Please honor the advertised service or provide a clear alternative method for redeeming my bonds. You should also update your website and branch materials immediately.",Complaint about Discontinued Savings Bond Redemption Service
"I ordered a cashier's check through your online banking portal one week ago and it has still not arrived by mail. I needed this check to close on a real estate transaction that is now in jeopardy. When I called customer service, I was told there is no tracking available for mailed cashier's checks. This is an $85,000 check and I have no way to know if it was lost in the mail or never sent. Please cancel the original check, confirm no funds were disbursed, and issue a replacement via courier. Please also offer tracking for large-value instrument mailings.",Complaint about Undelivered Cashier's Check
"I submitted a stop payment order on a check that had not yet cleared. I was charged the $35 stop payment fee and given confirmation. However, the check cleared two days later and the funds were debited from my account. Your bank collected the fee and still failed to stop the payment. This is a fundamental breach of the service I paid for. I want the stop payment fee refunded and the cleared check amount returned to my account immediately. Please also investigate how this failure occurred and ensure it does not happen to other customers.",Complaint about Failed Stop Payment Order
"I requested a notary service at your branch for an important legal document. After waiting 45 minutes, the branch notary informed me she could not notarize the document because she was 'not familiar with this type of form.' The document is a standard power of attorney form. I had taken time off work to get this done. I need access to a qualified notary immediately and suggest your branch staff receive proper notary training. This service failure caused significant inconvenience and may delay an important legal matter.",Complaint about Incompetent Branch Notary Service
"My financial advisor at your bank recommended I invest a significant portion of my retirement savings in a high-fee proprietary fund that has significantly underperformed the market. When I asked about lower-cost alternatives, I was told they were 'not suitable for my profile.' I later discovered the advisor receives higher commissions for selling proprietary products. This is a clear conflict of interest. I would like a full review of my portfolio and reimbursement for any excess fees paid. Please also implement better disclosure policies for advisor compensation.",Complaint about Financial Advisor Conflict of Interest
I attempted to purchase cryptocurrency through your bank's newly launched digital asset platform. The transaction was deducted from my account but I received no cryptocurrency and no confirmation. I have been trying to resolve this for two weeks with no success. Your customer service team does not seem trained to handle cryptocurrency-related issues. I want my money refunded immediately or the cryptocurrency delivered to my wallet as promised. Please ensure your digital asset team is properly equipped to handle transaction disputes.,Complaint about Failed Cryptocurrency Purchase Transaction
"I used your bank's buy now pay later service for a $600 appliance purchase. I have been making regular payments but the balance never decreases as expected. When I reviewed the payment schedule, I discovered the interest rate applied is 29.9% APR, which was not clearly disclosed at the point of purchase. I was led to believe this was a zero-interest installment plan. This is deceptive and potentially violates consumer lending laws. I want the interest charges reversed and the loan restructured at the originally advertised rate.",Complaint about Deceptive Buy Now Pay Later Interest Terms
"I linked my bank account to a digital wallet for contactless payments, but every transaction is being declined even though my account has sufficient funds. I have verified the account linkage multiple times and contacted both your bank and the wallet provider. Each party blames the other and no one is taking responsibility for fixing the issue. I rely on contactless payments for daily purchases. I need this resolved immediately with clear ownership of the fix. Please also establish a dedicated support process for digital wallet integration issues.",Complaint about Digital Wallet Payment Integration Failure
"I set up a recurring payment for my rent through your bill pay system. Last month the payment was sent twice, resulting in my landlord receiving double payment and my account being overdrawn. I have tried to recover the funds from my landlord but she is unwilling to return the second payment. Your bank created this error and should bear responsibility for resolving it. I want the duplicate payment amount credited to my account immediately and the recurring payment reviewed to prevent future errors. Please also audit other customers' recurring payments for similar issues.",Complaint about Duplicate Recurring Rent Payment
I requested a change to my account number due to suspected fraud exposure. Your bank acknowledged the request but then continued to use my old account number for outgoing transactions for two weeks after the change should have taken effect. This exposed my financial data to potential fraud. I have spent hours cleaning up the resulting problems including updating all my billers. I expect compensation for the time and stress caused by your error. Please also implement a proper account number transition process that ensures all systems are updated simultaneously.,Complaint about Delayed Account Number Change After Fraud
"My father passed away and left me as executor of his estate. I have been trying to access his accounts with a valid letters testamentary and death certificate for over two months. Each branch visit results in more paperwork requests and no progress. Meanwhile, the estate has ongoing bills that cannot be paid. This process is causing unnecessary hardship during an already difficult time. I need a dedicated estate banking specialist assigned to this case immediately. Please streamline your estate account access procedures as they are completely inadequate.",Complaint about Obstructive Estate Account Access Process
"I granted my daughter power of attorney over my accounts to help me manage finances due to my health issues. However, your bank repeatedly refuses to honor the POA document and insists on speaking only with me, even though I have difficulty communicating due to my illness. The POA has been notarized and is legally valid. This situation is causing serious problems in managing my financial affairs. Please train your staff to properly recognize and honor legitimate power of attorney documents for vulnerable customers.",Complaint about Bank Refusing to Honor Power of Attorney
"I opened a business checking account for my LLC and was promised waived fees for the first year. However, I have been charged $25 monthly maintenance fees since account opening. I have the promotional offer in writing but your team says they cannot find the promotion in my file. I have been a personal banking customer for 15 years and this treatment is unacceptable. I want all incorrectly charged fees refunded immediately. Please also improve how promotional commitments are recorded and honored for business account customers.",Complaint about Broken Business Account Fee Waiver Promise
I use your bank's payroll services for my small business and my employees did not receive their direct deposits on payday. I was given no warning about any issue. My employees are now unable to pay their rent and other bills. I have been trying to reach your payroll support team for six hours with no success. This is a critical failure that directly impacts my employees' livelihoods and my reputation as an employer. I need this resolved immediately and demand compensation for the harm caused. Please also establish emergency payroll support protocols.,Complaint about Failed Payroll Direct Deposit Processing
"A merchant charged my credit card twice for the same transaction. I contacted the merchant first as required, but they denied the duplicate charge. I then filed a dispute with your bank. Your dispute team sided with the merchant without conducting a thorough investigation. I have clear evidence showing two identical charges on the same day. I would like the dispute reopened and the duplicate charge refunded. Please also improve your chargeback investigation process to give customers a fair hearing before siding with merchants.",Complaint about Unfair Chargeback Decision in Merchant Dispute
"My credit card rewards points expired without any prior notification. I had accumulated over 45,000 points which I was saving for a major redemption. When I contacted customer service, I was told points expire after 24 months of account inactivity, but I was never warned as the expiry date approached. Other banks send multiple notifications before points expire. I would like my points reinstated as a one-time courtesy and advance notice policies implemented. This feels like the bank deliberately lets points expire to avoid paying out rewards.",Complaint about Rewards Points Expiry Without Warning
"I was charged an annual fee of $450 for a premium credit card that I had requested to downgrade three months ago. The downgrade was supposedly processed but I still received the annual fee charge. When I contacted support, I was told the downgrade 'did not go through' and I would need to reapply. This is entirely the bank's error. I want the $450 annual fee refunded immediately and my account properly downgraded. Please also verify that account changes are actually processed before confirming them to customers.",Complaint about Annual Fee Charged After Requested Card Downgrade
"I reported an unauthorized transaction on my checking account and was told I would receive a provisional credit while the investigation was ongoing. The provisional credit was applied but then reversed three days later without any notice or explanation. I am now in a negative balance. When I called, I was told my dispute was 'closed without finding' but I never received any communication about the investigation's progress. I need the provisional credit reinstated and a proper investigation conducted. Please provide written documentation of your dispute findings.",Complaint about Reversed Provisional Credit Without Explanation
"I applied for a home equity line of credit and the appraisal came back significantly below market value, affecting my approved credit limit. When I asked for a reconsideration, I was told I would need to pay for a second appraisal at my own expense. The initial appraisal used comparable properties that were clearly not appropriate for my neighborhood. I would like a reconsideration using proper comparable properties at no additional cost. Please also review your appraisal vendor selection process to ensure accurate property valuations.",Complaint about Inaccurate Home Equity Appraisal
"I requested a loan payoff quote to refinance my mortgage with another lender. Your bank took 15 business days to provide the quote and charged a $50 fee for this service. Many states require this to be provided within 5 days and free of charge. The delay caused me to miss a rate lock with the other lender, costing me significantly more in interest. I want the $50 fee refunded and compensation for the rate difference caused by your delay. Please also review your payoff quote processes for legal compliance.",Complaint about Delayed Mortgage Payoff Quote
"I received a notice that my account would be converted to a new account type with different fee structures. The notice was sent via email to an old address that I had previously updated. As a result, I missed the opt-out window and am now subject to fees I did not agree to. I have documentation proving I updated my email address before the notice was sent. I want my account kept on the original terms and the email in your system corrected. Please ensure critical account notices use verified, current contact information.",Complaint about Account Change Notice Sent to Wrong Email
Your bank reported my account as delinquent to a collection agency despite my account being in good standing. I only discovered this when I was denied a rental apartment due to the collection entry. I have never missed a payment and my account shows no delinquency on your end. This erroneous collection report has caused me to lose housing. I need the collection entry removed immediately with written notification to the collection agency and I expect compensation for the harm caused to my rental prospects.,Complaint about False Collection Agency Referral
I submitted a request to add my spouse to my mortgage as a co-borrower to improve our estate planning. Your bank said this would require a full mortgage refinance rather than a simple assumption or modification. The cost and time involved is completely disproportionate to what should be an administrative change. Other lenders have simple processes for adding co-borrowers. I would like your legal team to review whether a refinance is truly required or if a simpler modification is available. Please also develop better processes for common mortgage changes.,Complaint about Unnecessary Mortgage Refinance Requirement
"I have a commercial deposit agreement that guarantees same-day credit for cash deposits made before 3 PM. My business regularly makes afternoon cash deposits but in the past two months, the credits are consistently appearing the next morning. This creates cash flow problems for my business operations. I have complained at the branch twice with no improvement. I need assurance that my deposit agreement terms will be honored starting immediately. Please investigate whether this is a systematic problem affecting other commercial customers.",Complaint about Violated Commercial Deposit Agreement Terms
"I enrolled in your bank's financial wellness program and was assigned a money coach who was supposed to meet with me monthly. After the initial meeting, the coach cancelled all subsequent appointments citing 'scheduling conflicts.' I paid an annual enrollment fee for this service and have received no value. I want a full refund of the enrollment fee and either a replacement coach or cancellation of the program. Please also establish minimum service standards for your financial wellness program participants.",Complaint about Unfulfilled Financial Wellness Coaching Service
"I requested expedited delivery of a replacement debit card due to my upcoming international travel. I paid the $25 rush delivery fee and was promised delivery within 2 business days. The card arrived after I had already departed, making it completely useless. I had to rely on limited emergency cash and incur foreign currency conversion fees. I want the $25 expedited delivery fee refunded plus reimbursement for the additional fees I incurred. Please also improve your card delivery tracking and customer notification systems.",Complaint about Failed Expedited Card Delivery Before Travel
"Your bank sent me a pre-approved personal loan offer via mail with a specific interest rate. When I called to accept the offer using the reference number provided, I was told the rate was 'for illustration purposes only' and my actual rate would be determined by my credit profile. The mailer did not contain any such disclaimer. I would like the advertised rate honored as this was a binding pre-approved offer. Please also review your direct mail marketing to ensure all rate-related disclaimers are clearly displayed as required by law.",Complaint about Pre-Approved Loan Offer Rate Not Honored
"I have been trying to unlink an old savings account from my online banking profile for months. Every time I delete it, it reappears the next time I log in. I contacted tech support and was told this is a 'known issue' but no resolution timeline was provided. The old account is from a closed relationship and its presence is causing confusion in my transaction history. Please fix this bug and confirm when it will be resolved. It is unacceptable to acknowledge a known bug and leave customers dealing with it indefinitely.",Complaint about Persistent Deleted Account Reappearing in Online Banking
"I received a tax form 1099-INT showing more interest income than I actually earned in my savings account. The discrepancy is over $300, which will result in me overpaying taxes if I use the form as issued. I have calculated the correct interest based on my monthly statements and they do not match. I need a corrected 1099-INT issued before the tax filing deadline. Please also audit your interest reporting systems to ensure all 1099s issued to customers are accurate.",Complaint about Incorrect 1099-INT Tax Form
"I requested a bank reference letter for a visa application to another country. Your bank took four weeks to produce a simple one-page letter confirming my account standing. By the time I received it, the visa appointment I had scheduled had already passed and I had to rebook, delaying my trip by two months. For an important document that requires accurate account information, a four-week turnaround is completely unacceptable. I would like compensation for the visa rescheduling fee and apology for the delay.",Complaint about Excessive Delay in Producing Bank Reference Letter
"I signed up for your bank's premium account tier which includes free international wire transfers. However, every time I initiate an international transfer, I am charged the standard $45 wire fee. I have to call after each transfer to have the fee reversed, which wastes my time. This is a feature of my account tier and should be applied automatically. I want all previously charged wire fees refunded and assurance that the system will be corrected immediately. Please test premium account benefits before advertising them.",Complaint about Premium Account Wire Transfer Benefit Not Applied
"I opened a certificate of deposit and specifically requested the early withdrawal penalty be waived in the event of my death or disability, which your representative said was a standard option. When I recently became disabled and needed to access the funds, the branch refused to waive the penalty. I was never given documentation of this option being added to my account. I want the early withdrawal penalty waived given my disability and the verbal commitment made at account opening. Please also ensure verbal commitments from representatives are documented.",Complaint about Disability Early Withdrawal Penalty Not Honored
"Your bank implemented a new two-factor authentication system for online banking without adequate notice. The system requires a phone call to a number I no longer have access to. I am now completely locked out of my account. When I called support, I was told account recovery requires visiting a branch in person, but I live over 100 miles from the nearest branch. I need a remote account recovery option immediately. Please also provide adequate notice before implementing authentication changes that could lock customers out.",Complaint about Two-Factor Authentication Lockout with No Remote Recovery
"I disputed a charge from a subscription service I had cancelled. The merchant provided your dispute team with a screenshot of a terms of service agreement, but the agreement shown is from a different version of their service than I subscribed to. Your team closed the dispute in the merchant's favor without reviewing my evidence. I have email confirmation of my cancellation. I want the dispute reopened with proper review of all documentation. Please establish clearer standards for what evidence merchants must provide in disputes.",Complaint about Dispute Closed Based on Incorrect Merchant Evidence
My credit card statement shows a minimum payment due date that differs from the payment due date shown in your mobile app. I paid by the date shown in the app but was still charged a late fee. This is entirely your system's fault for showing inconsistent information. I want the late fee waived and both systems corrected to show the same date. I also want confirmation that this discrepancy has not affected my credit report. Please audit all customer-facing payment due date displays for consistency.,Complaint about Inconsistent Payment Due Date Causing Late Fee
"I applied for a small business credit card and was denied despite having an 800+ personal credit score and a profitable business for six years. The denial reason provided was 'insufficient business revenue' but I submitted my tax returns showing strong revenue. When I asked for a reconsideration, I was told it was not possible. I would like a detailed explanation of exactly how my application was evaluated and an opportunity for manual review by a senior credit analyst. Please provide clear criteria for small business credit card approvals.",Complaint about Unjustified Small Business Credit Card Denial
"I use your foreign currency account feature to hold euros for regular international payments. Your bank recently changed the fee structure for this account type without adequate notice, significantly increasing my transaction costs. The change was buried in a terms update email with no clear highlight of the fee increase. I would like to be grandfathered into the original fee structure or given the option to close the account without penalty. Please provide more prominent notice of fee changes that materially affect customers.",Complaint about Hidden Foreign Currency Account Fee Increase
"I purchased travel insurance through your bank's credit card benefits and submitted a claim for trip interruption due to a medical emergency. The claim was denied because the insurance company says the emergency was a 'pre-existing condition,' but this condition was diagnosed after I purchased the tickets. I have a doctor's letter confirming the diagnosis date. I would like the denial reviewed and overturned. Please also clarify how pre-existing conditions are defined in your travel insurance policy and provide better guidance to customers at enrollment.",Complaint about Travel Insurance Claim Denied for Pre-Existing Condition
"I have a linked account with a partner bank through your premium banking network. Your bank recently made changes that broke the account linking feature, and now I cannot view or transfer to my partner bank account. I have contacted both banks and each says the issue is the other's responsibility. I have been without this important functionality for three weeks. I need someone with authority at your bank to take ownership of resolving this interbank connectivity issue. Please establish clear ownership processes for partner bank technical issues.",Complaint about Broken Partner Bank Account Linking
"I submitted an application to open a trust account to hold assets for my minor children. Your bank requested documents, I submitted them, and then received no communication for six weeks. When I followed up, I was told the application had been closed due to 'incomplete documentation' but no one contacted me to request additional documents. I would like the application reopened with a dedicated relationship manager assigned. Please also implement a communication protocol for trust account applications that keeps applicants informed of required actions.",Complaint about Trust Account Application Closed Without Notification
"I was charged a returned item fee when a check I deposited was returned by the issuing bank. While I understand this policy, your bank also placed an extended hold on all my future deposits for six months without any prior notice or an opportunity to appeal. This hold is severely impacting my small business operations. I have not had any previous returned items in my 10-year banking history. I would like the extended hold policy reviewed and lifted given my long clean history.",Complaint about Extended Deposit Hold Policy Applied Without Notice
"Your bank's online account opening process collected my personal information but then failed to complete the application due to a technical error. I received no confirmation and when I tried to reapply, I was told my information was already in the system but the application could not be located. I am concerned about what happened to my personal data. I need clarification on whether my information was properly secured and the application either completed or my data deleted. Please also fix the technical failure in your online account opening system.",Complaint about Failed Online Account Opening and Data Privacy Concern
"I received a promotional offer for zero percent interest balance transfers with a 2% transfer fee. I completed the transfer as instructed but was subsequently charged the regular interest rate of 21.9% on the transferred balance. When I called, I was told the promotional rate had 'already expired' even though I applied and completed the transfer before the offer end date. I have screenshots of the offer with the expiry date. I want the promotional rate applied retroactively and interest charges reversed.",Complaint about Balance Transfer Promotional Rate Not Applied
"I have been trying to update my home address with your bank for two months. Each time I update it online or in the app, it reverts to my old address within days. I have also tried updating it at the branch and over the phone. My new address update keeps failing and I am missing important correspondence. Please escalate this to your technology team as it is clearly a systemic bug. I also need confirmation that all recent statements and notifications have been resent to my correct current address.",Complaint about Persistent Address Update Failure Across All Channels
"I applied for a secured credit card to rebuild my credit and provided the required security deposit of $500. The card was issued but when I checked my credit report, the account is not being reported to any of the three major bureaus. The entire purpose of a secured card is to build credit history. I contacted your bank and was told it 'may take several months' to appear on credit reports. Other secured cards report monthly. Please confirm when my account will be reported and provide back-dated reporting for the months already missed.",Complaint about Secured Credit Card Not Reporting to Credit Bureaus
"I asked your bank to place a deceased spouse's portion of a joint CD into an estate account. Your representative incorrectly closed the entire CD and sent me a check for the full amount, triggering an early withdrawal penalty on the portion that was not yet matured. I did not authorize the full closure. I want the penalty refunded and an explanation of how this error occurred. Please also provide better training for your representatives on handling CDs in estate situations.",Complaint about Incorrect CD Early Closure During Estate Settlement
"I submitted a formal written complaint to your bank's complaints department three months ago and have received no acknowledgment or response. This complaint related to a $2,000 billing error that remains unresolved. Many jurisdictions require banks to respond to written complaints within specific timeframes. I am formally requesting your complaints team to respond within seven days, or I will be filing a complaint with the relevant financial regulator. Please also implement a complaint tracking system that ensures no customer complaint goes unanswered.",Complaint about Formal Complaint Left Completely Unanswered
"I signed up for your bank's credit monitoring service which promises to alert me of any changes to my credit report within 24 hours. I recently discovered my credit score had dropped by 80 points due to a fraudulent account opened in my name over two months ago, and I received zero alerts from your monitoring service during that time. I am now dealing with the consequences of identity theft that could have been caught earlier. I want the credit monitoring fee refunded and a thorough explanation of why the alerts failed.",Complaint about Failed Credit Monitoring Alert Service
"My debit card was skimmed and unauthorized transactions totaling $1,200 were made from my account. I reported the fraud immediately. Your bank reversed most transactions but left one disputed item of $350 unresolved, claiming I 'made the transaction.' I was out of the country when this transaction occurred and have passport stamps to prove it. I want this final $350 reimbursed immediately and a thorough investigation into how the skimming occurred. Please also improve your card skimming detection systems.",Complaint about Unresolved Card Skimming Reimbursement
"I have a business line of credit and attempted to draw on it during a critical cash flow period. The draw was declined because your system had not processed my most recent principal payment, even though it cleared my account five days earlier. As a result, I had to delay paying suppliers, damaging important business relationships. I need the credit line access restored immediately and confirmation that my payment has been properly applied. Please also fix the delay in your payment processing and credit availability system.",Complaint about Business Line of Credit Draw Declined Due to Processing Delay
"Your bank sent me a check for the incorrect amount as a refund for an overpayment. The check was for $45 less than what I was owed. When I called to report the discrepancy, I was told I would need to return the original check and wait for a new one to be issued. This process will take 2-3 weeks for a bank error of less than $50. Please issue a supplemental payment for the $45 difference immediately without requiring me to go through the full reissue process. Please also improve your refund calculation accuracy.",Complaint about Refund Check Issued for Incorrect Amount
"I enrolled in your bank's rent reporting service which promises to report on-time rent payments to credit bureaus to help build credit. After six months of payments, I discovered none of my rent payments have been reported. I have been paying the monthly service fee throughout. This service has delivered zero value. I want a full refund of all service fees paid and immediate back-reporting of all my on-time payments for the past six months as promised. Please also audit all customers enrolled in this service.",Complaint about Rent Reporting Service Failing to Report Payments
I received a notice that your bank is closing all accounts in my country due to changes in your international banking policy. I was given 30 days notice. I have significant funds in these accounts and the transfer process is extremely complex with my alternative bank. 30 days is completely insufficient notice for such a major change. I request at least 90 days to properly transition my funds and financial relationships. Please also provide dedicated support for affected international customers during this transition.,Complaint about Insufficient Notice for International Account Closure
"I have a high-yield savings account with a rate advertised as 4.5% APY. Last month, the rate was reduced to 3.8% without any notification. I only discovered this when reviewing my interest credit. While I understand rates can change, I should have received advance notice so I could make informed decisions about where to keep my savings. I would like explanation of when and why the rate changed and a commitment to provide advance notice for future rate reductions of 0.25% or more.",Complaint about High-Yield Savings Rate Reduction Without Notice
"I requested a wire transfer recall after sending funds to an incorrect account. I notified your bank within 30 minutes of the transfer. It has been two weeks and the recall has not been completed. I was told the receiving bank 'has not responded' but your team does not appear to be escalating the matter. $25,000 of my funds are effectively lost. I need your bank to take immediate and aggressive action to recover these funds, including escalating to regulatory authorities if necessary.",Complaint about Wire Transfer Recall Not Being Pursued
"I enrolled my minor child in a custodial savings account specifically for educational savings. Your bank recently restructured these accounts and converted them to standard savings accounts, eliminating certain tax-advantaged features I was relying on. I received no notice of this change. The whole purpose of opening this account type was for the specific features now removed. I want my account restored to its original terms or compensation for the lost benefits. Please honor the terms under which customers originally opened these accounts.",Complaint about Custodial Account Features Removed Without Notice
"I use your bank's invoicing and payment collection tools for my freelance business. Last month, the payment collection feature stopped processing credit card payments from my clients. Several clients have reported that their payments fail when using the link I send them. This is directly impacting my income. I have contacted tech support three times and each time I am told 'engineers are working on it.' I need a concrete resolution timeline or a workaround immediately. Please prioritize fixing payment collection tools that affect customers' livelihoods.",Complaint about Business Payment Collection Tool Failure
"I was informed by another financial institution that a hard inquiry from your bank appears on my credit report, but I have never applied for any product with your bank. This unauthorized inquiry has slightly lowered my credit score. When I contacted your bank, no one could find any record of an application under my information. I believe this may be identity fraud. I need the unauthorized inquiry removed from all three credit bureaus and a full investigation into how my information was used to generate an inquiry.",Complaint about Unauthorized Hard Inquiry on Credit Report
Your bank's mobile check deposit feature rejected my government-issued check citing 'image quality issues' despite multiple high-quality attempts. I then drove to the branch to deposit it in person. The teller ran it through and it was initially accepted but then returned two weeks later as 'not negotiable.' The check is a legitimate state tax refund. I am now stuck with an uncashable check and your bank charged me a returned item fee. Please investigate this and help me resolve the check and waive the fee.,Complaint about Government Check Rejected as Not Negotiable
"I applied for your bank's small business grant program which was advertised on your website. I submitted a complete application and was told I would receive a decision within 30 days. It has been four months with no communication. When I call the grant program number, it goes to voicemail and calls are never returned. I believe this may be a misleading marketing initiative with no real intent to fund applicants. Please provide an immediate update on my application or acknowledge that the program is no longer active.",Complaint about Small Business Grant Program Application Ignored
I paid off my home equity loan last month and requested a lien release so my property title is clear. It has been six weeks and the lien has not been released with the county recorder. My attorney says this is needed for a pending property sale that is now being delayed. Many states require lien releases within a specific timeframe. Please process my lien release immediately and have your title team contact my attorney to expedite recording. This delay is costing me significant money in delayed closing.,Complaint about Delayed Mortgage Lien Release After Payoff
"I have been a platinum-tier customer for 12 years and your new account management system downgraded my status to basic tier, removing all my benefits. When I called, I was told my accounts were 'not properly linked' in the new system. This is a bank error that has stripped me of benefits I have earned and maintained. I want my platinum status reinstated immediately along with all associated benefits retroactively for the period they were removed. Please also prioritize customers affected by your system migration issues.",Complaint about Customer Tier Status Lost During System Migration
"I use your bank's virtual card number feature for online shopping. A virtual card number I used for a recurring subscription was suddenly deactivated without notice. As a result, my subscription was cancelled and I lost access to an online service I depend on for work. I then had to spend hours reinstating the subscription and updating payment information. I need an explanation for why the virtual card was deactivated and compensation for the disruption caused. Please provide advance notice before deactivating virtual card numbers.",Complaint about Virtual Card Number Deactivated Without Notice