Age,BusinessTravel,Education,RelevantEducationLevel,JobLevel,MaritalStatus,NumCompaniesWorked,OverTime,InterviewScore,ResumeScore,RequestedBenefits,TotalWorkingYears,PreferredSkills,YearsAtCurrentCompany,RelevantExperience,JobType,SalaryExpectation,IsFemale
58,0,3,2,1,0,3,0,2,0,0,35,2,27,2,1,0,1
18,1,1,3,0,0,1,0,2,1,0,0,1,0,0,0,2,0
53,1,3,4,1,0,2,1,3,2,0,35,2,14,2,0,1,1
59,0,3,3,1,1,5,0,0,2,0,39,1,20,1,1,2,1
31,1,2,4,1,1,6,0,1,3,0,12,0,11,9,0,0,0
45,1,2,3,2,1,2,1,3,2,0,23,1,21,17,0,1,1
50,1,2,1,2,2,5,0,3,2,0,28,1,4,5,0,2,1
33,0,3,4,0,1,4,0,3,2,0,15,1,4,5,1,0,1
43,2,3,3,2,0,3,0,1,0,1,24,1,10,17,1,2,0
50,1,3,2,1,2,9,0,0,2,0,28,1,7,13,1,1,0
21,1,2,4,0,0,0,0,3,2,1,0,1,0,0,0,2,0
23,2,3,2,0,0,0,0,3,2,0,2,2,0,1,1,1,1
27,1,1,1,1,0,1,0,2,3,0,7,0,0,2,1,1,0
55,1,3,3,2,1,5,0,2,2,1,35,2,20,12,0,1,0
22,1,2,1,0,0,1,0,3,2,0,3,2,2,2,1,1,0
34,0,1,3,1,1,7,0,1,3,0,11,2,3,4,1,0,1
26,1,2,3,0,0,1,0,3,2,0,8,0,1,2,1,2,0
40,1,1,1,2,2,4,1,0,3,0,19,2,7,5,1,2,0
35,1,3,2,1,1,9,0,2,2,0,16,0,11,7,1,1,1
52,1,0,4,1,1,2,1,2,2,0,32,1,6,11,1,1,1
18,1,3,3,1,1,1,0,2,1,1,0,1,0,0,1,1,1
53,0,2,4,2,2,6,0,1,3,1,31,1,25,0,1,1,1
28,1,2,3,1,0,0,0,0,3,1,4,2,2,1,1,2,0
42,1,1,3,1,1,3,0,2,3,0,18,0,13,16,1,1,1
46,1,3,3,2,1,9,1,1,3,0,27,1,14,7,1,1,0
35,1,3,1,1,1,5,0,2,1,0,16,2,2,10,1,1,1
48,0,2,3,2,2,5,0,2,2,1,27,2,15,13,1,2,0
43,1,3,1,2,2,2,0,2,3,0,24,2,8,6,1,2,1
19,1,0,4,0,0,0,1,2,1,0,0,0,0,0,1,1,1
41,1,3,3,1,2,3,0,3,2,1,21,1,18,9,1,2,0
24,1,2,3,1,1,0,0,2,2,1,2,2,1,2,0,2,1
27,1,3,4,0,1,4,0,2,1,1,5,1,3,5,1,2,1
39,0,3,2,1,1,6,0,2,1,0,19,1,19,8,1,0,1
59,1,2,1,1,1,6,0,2,3,0,40,2,37,17,1,1,0
30,1,3,4,1,0,4,1,3,1,0,7,1,4,4,1,0,0
21,1,3,1,1,0,0,0,3,1,1,0,0,0,0,0,1,0
27,0,3,2,1,0,1,0,2,3,1,3,1,1,3,1,1,0
31,1,2,1,1,1,2,0,0,1,0,12,2,6,9,0,0,1
58,1,3,2,1,1,6,1,2,3,1,39,1,9,5,1,1,1
35,1,2,1,1,1,6,1,2,1,0,15,2,0,0,1,1,1
29,2,2,3,2,0,3,0,2,1,1,8,2,5,2,1,1,1
34,1,4,3,1,2,9,0,3,2,1,11,1,6,8,1,2,1
49,0,4,3,1,0,2,1,3,2,0,27,2,17,7,1,1,1
44,1,4,2,2,1,4,0,3,1,0,22,2,2,13,1,1,1
27,1,2,2,1,0,2,1,2,2,0,7,2,3,3,1,2,0
49,2,1,4,1,0,9,0,1,3,1,25,0,3,14,1,1,1
59,0,2,3,2,2,9,0,2,1,0,36,0,34,2,1,2,0
46,1,2,1,1,0,7,0,2,1,0,26,2,13,16,1,1,1
55,0,2,2,1,0,9,0,3,3,0,31,2,18,5,1,1,1
30,2,3,1,1,1,6,0,0,3,1,10,2,0,10,1,1,1
32,1,2,3,1,1,2,0,2,2,1,9,0,1,0,1,1,0
30,0,2,4,1,2,2,1,1,3,1,6,1,2,3,0,2,0
43,2,3,2,2,0,3,0,3,3,0,21,1,14,8,0,2,1
57,1,0,3,2,1,3,0,2,0,1,36,0,8,1,1,1,1
55,1,1,3,1,1,6,0,3,3,0,34,2,2,6,1,2,1
21,1,1,1,1,0,0,0,1,2,0,0,2,0,0,0,0,0
39,1,3,3,1,2,6,0,2,3,0,20,0,5,0,1,0,1
51,0,0,3,1,1,5,0,2,0,1,30,2,30,16,1,0,1
22,2,2,1,0,1,2,0,2,0,1,0,2,0,0,1,2,0
45,1,1,2,2,1,7,0,1,3,0,27,2,13,8,0,0,1
26,1,3,3,0,0,4,1,2,2,0,6,1,6,0,1,0,0
40,1,2,3,2,2,2,1,2,2,0,16,2,8,8,1,1,0
58,2,0,3,1,1,7,0,3,1,1,39,0,19,18,0,1,1
49,1,2,2,2,1,6,0,2,2,0,31,1,31,9,0,0,1
36,1,0,3,1,1,5,1,0,3,0,13,0,8,10,1,2,1
54,1,3,2,2,2,9,0,2,2,0,35,1,23,3,1,1,0
22,1,1,3,1,0,2,0,1,1,1,0,0,0,0,1,1,1
54,1,2,4,2,1,7,0,2,3,0,32,1,20,2,0,1,0
21,1,2,3,1,0,2,0,3,2,0,0,1,0,0,0,0,0
39,2,0,3,1,1,4,0,3,2,0,18,2,11,9,1,1,1
36,1,3,4,2,0,4,0,3,0,0,18,2,11,12,1,0,0
59,1,2,1,1,2,9,0,1,3,0,39,1,12,4,1,1,1
57,0,2,2,2,1,4,1,1,2,0,33,2,28,11,1,1,1
48,2,1,3,2,1,6,0,1,1,1,24,2,24,16,0,1,1
53,2,3,3,1,0,6,1,0,3,1,34,2,28,4,1,1,1
50,1,2,1,1,1,7,1,2,3,1,32,1,9,9,1,2,0
34,1,1,4,1,1,6,0,2,2,0,10,2,3,0,1,1,0
27,1,0,2,0,0,0,1,2,3,0,4,0,4,0,1,0,1
41,1,0,3,1,1,3,0,2,2,1,18,2,18,10,1,2,1
58,1,1,3,2,0,2,1,2,3,0,39,1,12,10,1,0,1
21,2,2,1,0,1,1,0,2,3,0,0,2,0,0,1,0,0
52,1,1,2,1,1,8,0,3,3,1,29,1,5,11,1,2,0
22,1,2,3,1,0,0,0,0,3,0,4,1,4,3,1,1,1
41,1,3,3,2,1,6,1,2,2,0,18,1,7,0,1,1,1
49,1,1,1,1,1,7,0,3,3,1,31,2,22,17,1,2,0
25,2,3,2,0,0,1,0,0,2,1,3,2,3,1,1,2,0
26,2,3,3,0,0,2,0,3,0,0,2,1,2,0,0,1,0
40,2,2,2,1,0,6,0,2,2,0,18,1,4,17,1,2,1
54,0,3,1,2,1,5,0,2,1,1,34,1,26,0,1,1,1
47,0,0,3,2,1,4,1,3,3,0,25,1,10,10,1,1,1
25,1,1,1,0,0,1,1,3,3,0,3,1,1,1,1,1,1
49,0,4,3,2,1,2,0,0,1,0,29,1,1,15,1,1,0
43,0,3,2,1,1,6,0,0,2,1,22,1,19,3,1,0,1
50,0,0,3,2,1,4,0,3,3,0,31,1,20,10,1,1,1
48,1,2,3,2,1,2,0,3,2,0,24,2,19,18,1,2,0
33,0,4,1,0,1,8,1,3,3,1,14,0,11,8,0,0,1
60,1,2,4,2,1,7,1,1,1,1,38,2,16,6,1,1,1
38,1,3,4,2,1,8,0,1,3,0,16,1,12,4,1,1,0
52,1,3,2,1,1,5,0,1,1,0,33,1,3,16,1,0,0
44,1,3,3,2,1,7,1,1,3,1,24,0,9,2,1,1,0
20,2,2,3,1,2,0,1,2,2,1,0,1,0,0,1,0,1
35,1,1,2,2,1,2,0,3,3,1,16,1,10,6,0,1,0
26,1,4,1,0,0,3,0,2,2,0,6,0,2,4,1,1,1
25,1,4,2,0,2,0,0,3,3,1,4,2,3,4,1,2,0
51,1,3,1,2,0,5,0,2,1,0,29,1,18,5,0,1,0
47,0,2,3,2,1,2,1,2,0,0,27,0,12,0,1,2,0
48,0,2,3,2,2,8,0,3,2,0,25,2,11,12,1,0,1
25,1,2,3,1,0,1,0,3,1,0,7,1,4,6,1,1,0
20,1,2,3,1,0,0,0,3,0,1,1,1,0,1,0,0,0
26,1,2,3,1,0,2,1,2,2,0,4,1,2,1,1,1,0
58,1,3,1,1,1,7,0,3,2,1,37,1,26,9,1,2,0
53,1,2,3,1,1,3,0,3,0,0,33,2,28,2,0,0,0
48,1,4,2,2,1,3,1,2,3,0,29,1,23,15,1,1,1
52,1,2,2,2,1,9,0,2,2,0,28,0,24,6,1,2,1
36,1,2,2,2,1,7,1,2,2,0,13,2,4,7,0,1,1
29,2,2,3,0,0,1,0,3,1,1,5,0,5,0,1,1,1
60,1,0,3,1,1,6,1,3,1,0,40,0,1,13,0,1,1
35,1,0,4,2,1,5,1,3,3,0,12,1,4,1,1,0,0
28,0,3,3,1,2,2,0,0,0,1,10,2,3,9,1,0,1
19,2,3,3,1,0,1,1,2,2,1,1,2,0,1,1,0,1
21,0,1,1,0,1,1,0,2,3,0,0,2,0.6,0,1,0,1
33,1,0,2,2,1,8,0,2,2,0,10,0,5,1,0,1,1
24,0,2,1,0,0,0,1,2,3,0,3,1,2,0,1,0,1
37,1,1,2,1,1,3,1,2,2,0,13,0,5,3,0,1,1
39,1,2,3,2,1,7,0,1,2,0,19,2,19,6,1,2,0
38,1,3,2,1,1,4,1,1,3,1,16,0,0,14,1,2,1
26,1,1,3,1,1,4,0,3,2,0,8,2,7,8,1,2,0
24,1,3,2,0,0,2,1,2,0,0,1,1,1,1,1,1,0
46,1,2,3,2,0,9,0,3,1,0,28,1,3,2,0,1,1
24,1,3,2,0,1,1,1,1,3,0,6,1,6,0,0,1,1
32,1,3,2,1,1,2,0,1,1,1,9,2,7,6,1,2,0
41,1,2,2,2,1,7,0,2,2,0,18,2,12,18,1,2,0
26,1,1,1,0,0,4,0,2,2,1,5,2,4,3,0,0,1
26,1,3,3,1,2,2,0,2,2,0,5,2,1,4,1,0,0
32,1,2,3,0,1,4,0,3,3,0,9,2,8,9,0,1,0
45,0,3,3,1,2,6,0,3,3,0,24,2,11,2,1,1,1
28,1,3,3,2,0,3,1,1,2,1,6,1,4,2,1,2,0
44,2,4,4,1,2,4,1,2,2,0,25,1,22,7,1,1,0
43,1,2,4,1,2,2,0,2,3,1,23,1,23,14,1,2,1
35,1,2,3,1,2,7,0,3,2,0,11,2,10,0,1,0,1
30,2,4,4,1,2,3,0,3,1,0,10,1,10,1,1,0,0
24,0,2,1,0,1,1,1,2,1,0,6,1,5,0,1,0,1
41,2,1,3,2,0,4,0,1,2,0,18,2,2,0,1,1,1
31,0,1,3,1,1,7,0,2,2,1,10,2,2,10,1,2,1
31,1,2,3,1,0,2,0,2,2,1,7,2,7,3,1,0,1
41,1,1,3,2,0,3,1,3,2,0,19,2,0,1,1,1,1
23,1,2,2,0,0,0,0,3,2,0,4,2,4,4,1,2,0
33,0,2,3,1,1,4,1,1,3,0,10,2,1,2,1,0,0
35,1,1,4,1,1,3,0,2,2,0,13,2,4,9,0,0,0
54,1,1,3,1,2,5,1,1,3,0,36,2,2,12,1,1,0
